{
"display":
{
"icon":
{
"item":"minecraft:soul_campfire"
},

"title":"Enchanter's Crucible - Layer 1",
"description":"Place a Soul Campfire surrounded in a cross of any Walls. Use of the Crucible requires the player to be at least Level 2 (Required: 1x Soul Campfire 4x Any Wall Block)",
"frame":"challenge",
"show_toast":true,
"announce_to_chat":true,
"hidden":false
},

"parent":"runechant:beginning/tutorial_3",

"criteria":
{
"requirement":
{


"trigger":"minecraft:impossible"
}
}
}
