{
"display":
{
"icon":
{
"item":"minecraft:crying_obsidian"
},

"title":"Enchanter's Crucible - Layer 3",
"description":"Place a hollow cross of Crying Obsidian centered on top of the Amethyst Block. Use of the Crucible requires the player to be at least Level 2 (Required: 4x Crying Obsidian)",
"frame":"challenge",
"show_toast":true,
"announce_to_chat":true,
"hidden":false
},

"parent":"runechant:beginning/crucible_layer_2",

"criteria":
{
"requirement":
{


"trigger":"minecraft:impossible"
}
}
}
