{
"display":
{
"icon":
{
"item":"minecraft:amethyst_block"
},

"title":"Enchanter's Crucible - Layer 2",
"description":"Place a Amethyst Block on top of the Soul Campfire surrounded in a cross of any Walls. Use of the Crucible requires the player to be at least Level 2 (Required: 1x Amethyst Block 4x Any Wall Block)",
"frame":"challenge",
"show_toast":true,
"announce_to_chat":true,
"hidden":false
},

"parent":"runechant:beginning/crucible_layer_1",

"criteria":
{
"requirement":
{


"trigger":"minecraft:impossible"
}
}
}
