{
"display":
{
"icon":
{
"item":"minecraft:blast_furnace"
},

"title":"Deepslate Furnace - Layer 3",
"description":"Place a Blast Furnace surrounded in a cross of Polished Deepslate Stairs on top of the Polished Deepslate Walls (Required: 1x Blast Furnace 4x Polished Deepslate Stairs)",
"frame":"challenge",
"show_toast":true,
"announce_to_chat":true,
"hidden":false
},

"parent":"runechant:beginning/deepslate_furnace_layer_2",

"criteria":
{
"requirement":
{


"trigger":"minecraft:impossible"
}
}
}
