{
"display":
{
"icon":
{
"item":"minecraft:diamond",
"nbt":"{CustomModelData:19972}"
},

"title":"Etched Diamond - Range",
"description":"Rename a Diamond with Range and throw it into a Enchanter's Crucible with a World Fragment - Enchantment (Required: 1x Anvil 1x Diamond 1x World Fragment - Enchantment) [The Physical Arts Tab contains relavent infomation]",
"frame":"task",
"show_toast":true,
"announce_to_chat":true,
"hidden":false
},

"parent":"runechant:beginning/fragment_enchantment_diamond",

"criteria":
{
"requirement":
{


"trigger":"minecraft:impossible"
}
}
}