{
"display":
{
"icon":
{
"item":"minecraft:writable_book"
},

"title": "Runechant Feature Information",
"description": "Runechant contains various features split between several unlockable advancement tabs, some features include:
-A Rotation of Seasons Now Affect Biomes
-Mobs Have Been Granted Unique Abilities
-A Hub Dimension with Unique Villagers and Activities
-Trimming Weapons/Tools/Armor Now Grants Unique Effects",
"frame":"goal",
"show_toast":true,
"announce_to_chat":false,
"hidden":false
},

"parent":"runechant:beginning/root",

"criteria":
{
"requirement":
{


"trigger":"minecraft:impossible"
}
}
}