{
"display":
{
"icon":
{
"item":"minecraft:bundle",
"nbt":"{CustomModelData:19971}"
},

"title":"Bag of Enchantment",
"description":"Reinforce a Bundle with a stack of World Fragments - Enchantment in an Enchanter's Crucible. An artefact able to absorb power from Enchanted Clusters (Required: 1x Bundle 64x World Fragments - Enchantment)",
"frame":"task",
"show_toast":true,
"announce_to_chat":true,
"hidden":false
},

"parent":"runechant:beginning/crucible_layer_3",

"criteria":
{
"requirement":
{


"trigger":"minecraft:impossible"
}
}
}