{
"display":
{
"icon":
{
"item":"minecraft:spyglass",
"nbt":"{CustomModelData:19971}"
},

"title":"I Spy a Lil' Insight",
"description":"Combine four different Etched Diamonds with a Spyglass in an Enchanter's Crucible (Required: 1x Etched Diamonds (Armor) 1x Etched Diamonds (Weapon) 1x Etched Diamonds (Shield) 1x Etched Diamonds (Range) 1x Spyglass)",
"frame":"task",
"show_toast":true,
"announce_to_chat":true,
"hidden":false
},

"parent":"runechant:beginning/fragment_enchantment_diamond",

"criteria":
{
"requirement":
{


"trigger":"minecraft:impossible"
}
}
}
