{
"display":
{
"icon":
{
"item":"minecraft:flower_banner_pattern"
},

"title":"Rock Crusher Info",
"description":"A Rock Crusher will be able to break any natural rock block that collides with it. As blocks are crushed the Amethyst may degrade, Experience Orbs ontop of the Crying Obsidian will be absorbed to repair the Amethyst",
"frame":"goal",
"show_toast":false,
"announce_to_chat":false,
"hidden":true
},

"parent":"runechant:beginning/rock_crusher",

"criteria":
{
"requirement":
{


"trigger":"minecraft:impossible"
}
}
}
