{
"display":
{
"icon":
{
"item":"minecraft:experience_bottle",
"nbt":"{CustomModelData:199780}"
},

"title":"Teachings of the World",
"description":"Purchase and Old Book from a Wandering Trader or acquire the corrasponding Scroll of Knowledge, to unlocks a new Advancement Tab (Required: 1x Old Book)",
"frame":"goal",
"show_toast":false,
"announce_to_chat":false,
"hidden":false
},

"parent":"runechant:beginning/seek",

"criteria":
{
"requirement":
{


"trigger":"minecraft:impossible"
}
}
}
