{
"display":
{
"icon":
{
"item":"minecraft:experience_bottle",
"nbt":"{CustomModelData:199777}"
},

"title":"Knowledge of the Physical",
"description":"Throw a Trimmed Item into a Deepslate Furnace (This will destroy it) or acquire the corrasponding Scroll of Knowledge, to unlocks a new Advancement Tab (Required: 1x Any Trimmed Item) [The Runechanter Basics Tab contains relavent infomation]",
"frame":"goal",
"show_toast":false,
"announce_to_chat":false,
"hidden":false
},

"parent":"runechant:beginning/seek",

"criteria":
{
"requirement":
{


"trigger":"minecraft:impossible"
}
}
}
