{
"display":
{
"icon":
{
"item":"minecraft:experience_bottle",
"nbt":"{CustomModelData:199778}"
},

"title":"Mastering Sculk",
"description":"Conquer a Warden or acquire the corrasponding Scroll of Knowledge, to unlocks a new Advancement Tab (Required: 1x Reinforced Deepslate)",
"frame":"goal",
"show_toast":false,
"announce_to_chat":false,
"hidden":false
},

"parent":"runechant:beginning/seek",

"criteria":
{
"requirement":
{


"trigger":"minecraft:impossible"
}
}
}
