{
"display":
{
"icon":
{
"item":"minecraft:experience_bottle",
"nbt":"{CustomModelData:199776}"
},

"title":"Visiting the Nexus",
"description":"Visit the Enchanter\'s Nexus to unlocks a new Advancement Tab. After helping the denizens you will be able to purchase Scrolls of Knowledge to bypass regular Advancement unlocks (Required: 1x Enchanted Diamond) [The Runechanter Basics Tab contains relavent infomation]",
"frame":"goal",
"show_toast":false,
"announce_to_chat":false,
"hidden":false
},

"parent":"runechant:beginning/seek",

"criteria":
{
"requirement":
{


"trigger":"minecraft:impossible"
}
}
}
