{
"display":
{
"icon":
{
"item":"minecraft:experience_bottle",
"nbt":"{CustomModelData:199774}"
},

"title":"Seeking out the Rare",
"description":"Have and Iron Golem stand ontop of a Decorated Pot (Must be crafted from Sherd) or acquire the corrasponding Scroll of Knowledge, to unlocks a new Advancement Tab (Required: 4x Any Sherds)",
"frame":"goal",
"show_toast":false,
"announce_to_chat":false,
"hidden":false
},

"parent":"runechant:beginning/seek",

"criteria":
{
"requirement":
{


"trigger":"minecraft:impossible"
}
}
}
