{
"display":
{
"icon":
{
"item":"minecraft:flower_banner_pattern"
},

"title":"Seeking Greater Knowledge",
"description":"There is a vast wealth of teachings and techniques to discover. While one may unearth the world's secrets on their own there is aid available for those wishing to follow in the footsteps of others",
"frame":"goal",
"show_toast":true,
"announce_to_chat":true,
"hidden":true
},

"parent":"runechant:beginning/features",

"criteria":
{
"requirement":
{


"trigger":"minecraft:impossible"
}
}
}
