{
"display":
{
"icon":
{
"item":"minecraft:experience_bottle",
"nbt":"{CustomModelData:199773}"
},

"title":"Lessons in Magic",
"description":"Commune with the First by throwing Dragon\'s Breath & a Totem of Undying onto a placed Wither Skeleton Skull or acquire the corrasponding Scroll of Knowledge, to unlocks a new Advancement Tab (Required: 1x Dragon\'s Breath 1x Totem of Undying 1x Wither Skeleton Skull)",
"frame":"goal",
"show_toast":false,
"announce_to_chat":false,
"hidden":false
},

"parent":"runechant:beginning/seek",

"criteria":
{
"requirement":
{


"trigger":"minecraft:impossible"
}
}
}
