{
"display":
{
"icon":
{
"item":"minecraft:experience_bottle",
"nbt":"{CustomModelData:199779}"
},

"title":"Understanding Flora",
"description":"Throw several exotic flowers into a water filled Cauldron or acquire the corrasponding Scroll of Knowledge, to unlocks a new Advancement Tab (Required: 1x Blue Orchid 1x Lily of the Valley 1x Sunflower, 1x Cauldron 1xWater Bucket)",
"frame":"goal",
"show_toast":false,
"announce_to_chat":false,
"hidden":false
},

"parent":"runechant:beginning/seek",

"criteria":
{
"requirement":
{


"trigger":"minecraft:impossible"
}
}
}
