{
"display":
{
"icon":
{
"item":"minecraft:paper",
"nbt":"{CustomModelData:199716}"
},

"title": "Runechant Tutorial #3",
"description": "Starting off you'll find three different Multiblock Structures in this advancement tab to pursue, though if I was you, you could drop that Mysterious Scroll on a Diamond to get to the Enchanter\'s Nexus. But be prepared for dangerous encounters",
"frame":"goal",
"show_toast":true,
"announce_to_chat":true,
"hidden":true
},

"parent":"runechant:beginning/tutorial_2",

"criteria":
{
"requirement":
{


"trigger":"minecraft:impossible"
}
}
}