{
"display":
{
"icon":
{
"item":"minecraft:paper",
"nbt":"{CustomModelData:199715}"
},

"title": "Runechant Tutorial #2",
"description": "One of the most commonly used features you'll find is the use of Drop Crafting, the act of dropping select items onto one another, on a certain Block or even a Multiblock Structure. You may also find that sometime certain crafting will drain levels of expereince",
"frame":"goal",
"show_toast":true,
"announce_to_chat":true,
"hidden":true
},

"parent":"runechant:beginning/tutorial_1",

"criteria":
{
"requirement":
{


"trigger":"minecraft:impossible"
}
}
}