{
"display":
{
"icon":
{
"item":"minecraft:potion",
"nbt":"{CustomModelData:19971}"
},

"title":"Copper Waxing Flask",
"description":"Throw 3 Sand and a Copper Ingot into the centre of a Deepslate Furnace (Required: 3x Any Sand 1x Copper Ingot) [The Runic Brewing Tab contains relavent infomation]",
"frame":"task",
"show_toast":true,
"announce_to_chat":true,
"hidden":false
},

"parent":"runechant:beginning/deepslate_furnace_layer_3",

"criteria":
{
"requirement":
{


"trigger":"minecraft:impossible"
}
}
}
