[
  {
    "function": "minecraft:set_attributes",
    "modifiers": [
      {
        "attribute": "minecraft:generic.armor_toughness",
        "name": "",
        "amount": 2,
        "operation": "addition",
        "slot": "offhand"
      },
      {
        "attribute": "minecraft:generic.armor_toughness",
        "name": "",
        "amount": 2,
        "operation": "addition",
        "slot": "mainhand"
      }
    ],
    "conditions": [
      {
        "condition": "minecraft:entity_scores",
        "entity": "this",
        "scores": {
          "teplus.hrds": 1
        }
      }
    ]
  },
  {
    "function": "minecraft:set_attributes",
    "modifiers": [
      {
        "attribute": "minecraft:generic.armor_toughness",
        "name": "",
        "amount": 3,
        "operation": "addition",
        "slot": "offhand"
      },
      {
        "attribute": "minecraft:generic.armor_toughness",
        "name": "",
        "amount": 3,
        "operation": "addition",
        "slot": "mainhand"
      }
    ],
    "conditions": [
      {
        "condition": "minecraft:entity_scores",
        "entity": "this",
        "scores": {
          "teplus.hrds": 2
        }
      }
    ]
  },
  {
    "function": "minecraft:set_attributes",
    "modifiers": [
      {
        "attribute": "minecraft:generic.armor_toughness",
        "name": "",
        "amount": 4,
        "operation": "addition",
        "slot": "offhand"
      },
      {
        "attribute": "minecraft:generic.armor_toughness",
        "name": "",
        "amount": 4,
        "operation": "addition",
        "slot": "mainhand"
      }
    ],
    "conditions": [
      {
        "condition": "minecraft:entity_scores",
        "entity": "this",
        "scores": {
          "teplus.hrds": 3
        }
      }
    ]
  }
]
