{
  "criteria": {
    "requirement": {
      "trigger": "minecraft:item_used_on_block",
      "conditions": {
        "location": [
          {
            "condition": "minecraft:entity_properties",
            "entity": "this",
            "predicate": {
              "equipment": {
                "mainhand": {
                  "nbt": "{CustomEnchantments:[{id:\"BigPath\"}]}"
                }
              }
            }
          }
        ]
      }
    }
  },
  "rewards": {
    "function": "enchantplus:result/big_path/ini"
  }
}
