{
  "criteria": {
    "requirement": {
      "trigger": "minecraft:placed_block",
      "conditions": {
        "location": [
          {
            "condition": "minecraft:location_check",
            "predicate": {
              "block": {
                "blocks": [
                  "minecraft:enchanting_table"
                ]
              }
            }
          }
        ]
      }
    }
  },
  "rewards": {
    "function": "enchantplus:enchanting_table/place/init"
  }
}
