{
  "type": "minecraft:block",
  "pools": [
    {
      "bonus_rolls": 0.03,
      "entries": [
        {
          "type": "minecraft:alternatives",
          "children": [
            {
              "type": "minecraft:item",
              "conditions": [
                {
                  "condition": "minecraft:match_tool",
                  "predicate": {
                    "enchantments": [
                      {
                        "enchantment": "minecraft:silk_touch",
                        "levels": {
                          "min": 1
                        }
                      }
                    ]
                  }
                }
              ],
              "name": "minecraft:deepslate_emerald_ore"
            },
            {
              "type": "minecraft:item",
              "functions": [
                {
                  "enchantment": "minecraft:fortune",
                  "formula": "minecraft:ore_drops",
                  "function": "minecraft:apply_bonus"
                },
                {
                  "function": "minecraft:explosion_decay"
                },

 {
              "function": "minecraft:set_nbt",
              "tag": "{Enchantments:[{}],CustomModelData:19975,display:{Name:'[{\"text\":\"Enchanted Emerald Cluster\",\"italic\":false,\"color\":\"light_purple\",\"bold\":false}]',Lore:['[{\"text\":\"Attuned to Luck\",\"italic\":false,\"color\":\"gold\",\"bold\":false}]']}}",
              "conditions": [
            {
              "condition": "minecraft:random_chance",
              "chance": 0.0002
            }
            ]
            }

              
              ],
              "name": "minecraft:emerald"
            }
          ]
        }
      ],
      "rolls": 1.0
    }
  ],
  "random_sequence": "minecraft:blocks/deepslate_emerald_ore"
}