{
  "type": "minecraft:block",
  "pools": [
    {
      "bonus_rolls": 0.03,
      "entries": [
        {
          "type": "minecraft:alternatives",
          "children": [
            {
              "type": "minecraft:item",
              "conditions": [
                {
                  "condition": "minecraft:match_tool",
                  "predicate": {
                    "enchantments": [
                      {
                        "enchantment": "minecraft:silk_touch",
                        "levels": {
                          "min": 1
                        }
                      }
                    ]
                  }
                }
              ],
              "name": "minecraft:lapis_ore"
            },
            {
              "type": "minecraft:item",
              "functions": [
                {
                  "add": false,
                  "count": {
                    "type": "minecraft:uniform",
                    "max": 9.0,
                    "min": 4.0
                  },
                  "function": "minecraft:set_count"
                },
                {
                  "enchantment": "minecraft:fortune",
                  "formula": "minecraft:ore_drops",
                  "function": "minecraft:apply_bonus"
                },
                {
                  "function": "minecraft:explosion_decay"
                },

 {
              "function": "minecraft:set_nbt",
              "tag": "{Enchantments:[{}],CustomModelData:19975,display:{Name:'[{\"text\":\"Enchanted Lapis Cluster\",\"italic\":false,\"color\":\"light_purple\",\"bold\":false}]',Lore:['[{\"text\":\"Attuned to Movement Speed\",\"italic\":false,\"color\":\"gold\",\"bold\":false}]']}}",
              "conditions": [
            {
              "condition": "minecraft:random_chance",
              "chance": 0.0001
            }
            ]
            }

              
              ],
              "name": "minecraft:lapis_lazuli"
            }
          ]
        }
      ],
      "rolls": 1.0
    }
  ],
  "random_sequence": "minecraft:blocks/lapis_ore"
}