[
	{
	  "function": "minecraft:set_attributes",
	  "modifiers": [
		{
		  "attribute": "minecraft:generic.armor",
		  "name": "",
		  "amount": 3,
		  "operation": "addition",
		  "slot": "feet"
		},
		{
		  "attribute": "minecraft:generic.armor_toughness",
		  "name": "",
		  "amount": 3,
		  "operation": "addition",
		  "slot": "feet"
		},
		{
		  "attribute": "minecraft:generic.knockback_resistance",
		  "name": "",
		  "amount": 0.1,
		  "operation": "addition",
		  "slot": "feet"
		}
	  ],
	  "conditions": [
		{
		  "condition": "minecraft:entity_properties",
		  "entity": "this",
		  "predicate": {
			"equipment": {
			  "mainhand": {
				"items": [
				  "minecraft:netherite_boots"
				]
			  }
			}
		  }
		}
	  ]
	},
	{
		"function": "minecraft:set_attributes",
		"modifiers": [
		  {
			"attribute": "minecraft:generic.armor",
			"name": "",
			"amount": 3,
			"operation": "addition",
			"slot": "feet"
		  },
		  {
			"attribute": "minecraft:generic.armor_toughness",
			"name": "",
			"amount": 2,
			"operation": "addition",
			"slot": "feet"
		  }
		],
		"conditions": [
		  {
			"condition": "minecraft:entity_properties",
			"entity": "this",
			"predicate": {
			  "equipment": {
				"mainhand": {
				  "items": [
					"minecraft:diamond_boots"
				  ]
				}
			  }
			}
		  }
		]
	  },
	  {
		"function": "minecraft:set_attributes",
		"modifiers": [
		  {
			"attribute": "minecraft:generic.armor",
			"name": "",
			"amount": 2,
			"operation": "addition",
			"slot": "feet"
		  }
		],
		"conditions": [
		  {
			"condition": "minecraft:entity_properties",
			"entity": "this",
			"predicate": {
			  "equipment": {
				"mainhand": {
				  "items": [
					"minecraft:iron_boots"
				  ]
				}
			  }
			}
		  }
		]
	  },
	  {
		"function": "minecraft:set_attributes",
		"modifiers": [
		  {
			"attribute": "minecraft:generic.armor",
			"name": "",
			"amount": 1,
			"operation": "addition",
			"slot": "feet"
		  }
		],
		"conditions": [
		  {
			"condition": "minecraft:entity_properties",
			"entity": "this",
			"predicate": {
			  "equipment": {
				"mainhand": {
				  "items": [
					"minecraft:leather_boots",
					"minecraft:golden_boots",
					"minecraft:chainmail_boots"
				  ]
				}
			  }
			}
		  }
		]
	  }
  ]
  