{
  "display": {
    "icon": {
      "item": "minecraft:chest"
    },
    "title": {
      "translate":"Discover exclusives"
    },
    "description": {
      "translate": "Find a custom enchantment in a structure chest loot",
      "color": "green"
    },
    "frame": "task",
    "show_toast": true,
    "announce_to_chat": false,
    "hidden": false
  },
  "parent": "enchantplus:progress/start/extensions/enchanted_mob",
  "criteria": {
    "requirement": {
      "trigger": "minecraft:impossible"
    }
  }
}
