{
  "display": {
    "icon": {
      "item": "minecraft:emerald"
    },
    "title": {
      "translate":"Enchantment offers"
    },
    "description": {
      "translate": "Trade with an Advanced Enchanter",
      "color": "green"
    },
    "frame": "task",
    "show_toast": true,
    "announce_to_chat": false,
    "hidden": false
  },
  "parent": "enchantplus:progress/start/extensions/chest_loot",
  "criteria": {
    "requirement": {
      "trigger": "minecraft:villager_trade",
      "conditions": {
        "villager": [
          {
            "condition": "minecraft:entity_properties",
            "entity": "this",
            "predicate": {
              "nbt": "{Tags:[\"tepxv.init\",\"tepxv.station_match\"]}"
            }
          }
        ]
      }
    }
  }
}
