{
  "display": {
    "icon": {
      "item": "minecraft:player_head",
      "nbt": "{SkullOwner:{Id:[I;-679585275,275596174,-1314527187,-1621836145],Properties:{textures:[{Value:\"eyJ0ZXh0dXJlcyI6eyJTS0lOIjp7InVybCI6Imh0dHA6Ly90ZXh0dXJlcy5taW5lY3JhZnQubmV0L3RleHR1cmUvYTAyZjRhOWQxODJjYzYyNTkyNWU1ZGVhN2UyOWQxM2E5NDhhZDY0ZmY0Mjg3MTc4YWYyM2EwNDI4ZTFmYTU0ZSJ9fX0=\"}]}}}"
    },
    "title": {
      "translate":"A better workstation"
    },
    "description": {
      "translate": "Obtain a Technical Anvil",
      "color": "green"
    },
    "frame": "goal",
    "show_toast": true,
    "announce_to_chat": false,
    "hidden": false
  },
  "parent": "enchantplus:progress/start/guide_book",
  "criteria": {
    "requirement": {
      "trigger": "minecraft:inventory_changed",
      "conditions": {
        "items": [
          {
            "items": [
              "minecraft:player_head"
            ],
            "nbt": "{Teplus.anvil:1b}"
          }
        ]
      }
    }
  }
}
