{
  "type": "minecraft:gift",
  "pools": [
    {
      "bonus_rolls": 0.0,
      "entries": [
        {
          "type": "minecraft:item",
          "name": "minecraft:torchflower_seeds"
        },
        {
          "type": "minecraft:item",
          "name": "minecraft:pitcher_pod"
        },


        {
          "type": "minecraft:item",
          "functions": [
            {
              "function": "minecraft:set_nbt",
              "tag": "{CustomModelData:19971,display:{Name:'[{\"text\":\"Budding Vine\",\"color\":\"green\",\"italic\":false,\"bold\":false}]',Lore:['[{\"text\":\"Perhaps a Runechanter could get it to flower.\",\"color\":\"white\",\"italic\":false,\"bold\":false}]']}}"
            },
            {
              "add": false,
              "count": {
                "type": "minecraft:uniform",
                "max": 1.0,
                "min": 1.0
              },
              "function": "minecraft:set_count"
            }
          ],
          "name": "minecraft:stick"
        },

        {
          "type": "minecraft:loot_table",
          "name": "runechant:archaeology/roots"
        },
        {
          "type": "minecraft:loot_table",
          "name": "runechant:fragments/enchanters_crystal_standard"
        },
        {
          "type": "minecraft:loot_table",
          "name": "runechant:nexus/chest_plant"
        }


      ],
      "rolls": 1.0
    }
  ],
  "random_sequence": "minecraft:gameplay/sniffer_digging"
}