[
  {
    "function": "minecraft:set_lore",
    "entity": "this",
    "lore": [
      [
        {
          "translate": "Bright Vision",
          "color": "gray",
          "italic": false
        },
        {
          "text": " "
        },
        {
          "nbt": "Level",
          "storage": "teplus:item_lore",
          "color": "gray",
          "italic": false
        }
      ]
    ],
    "replace": false
  },
  {
    "function": "minecraft:set_lore",
    "entity": "this",
    "lore": [
      [
        [
          {
            "text": "► ",
            "color": "blue"
          },
          {
            "translate": "Helmet",
            "color": "blue"
          }
        ]
      ]
    ],
    "replace": false,
    "conditions": [
      {
        "condition": "minecraft:entity_properties",
        "entity": "this",
        "predicate": {
          "nbt": "{Tags:[\"teplus.loot_1ench\"]}"
        }
      }
    ]
  },
  {
    "function": "minecraft:set_nbt",
    "tag": "{CustomModelData:7340040}",
    "conditions": [
      {
        "condition": "minecraft:entity_properties",
        "entity": "this",
        "predicate": {
          "nbt": "{Tags:[\"teplus.loot_is_book\",\"teplus.loot_1ench\"]}"
        }
      }
    ]
  }
]
