{
"display":
{
"icon":
{
"item":"minecraft:lapis_lazuli"
},

"title":"Lessons in Magic #4",
"description":"All spells consume Lapis Lazuli when cast. Depending on the spell extra charges my be consumed for Quick Casts and differing charging time will occur for Normal Casts. Additionally some spell modifiers will consume experience when cast",
"frame":"goal",
"show_toast":true,
"announce_to_chat":true,
"hidden":true
},

"parent":"runechant:magic/casting_spells3",

"criteria":
{
"requirement":
{


"trigger":"minecraft:impossible"
}
}
}
