{
"display":
{
"icon":
{
"item":"minecraft:lapis_lazuli"
},

"title":"Lessons in Magic #2",
"description":"Spell Tomes enable you to cast spells in one of two ways, you are able to perform a Quick Cast spell by Left-Clicking a Spell Tome. Quick Casts require charges indicated but the node(s) left of the Spell Tome GUI",
"frame":"goal",
"show_toast":true,
"announce_to_chat":true,
"hidden":true
},

"parent":"runechant:magic/casting_spells1",

"criteria":
{
"requirement":
{


"trigger":"minecraft:impossible"
}
}
}
