{
"display":
{
"icon":
{
"item":"minecraft:name_tag",
"nbt":"{CustomModelData:19971}"
},

"title":"Keyword - Grace",
"description":"Spell Charms may be added to a Spell Tome with [Empty Slots] at a Spell Altar, the correct Affinity must be unlocked at the Altar. Rename the Enchanted Name Tag with the Keyword",
"frame":"goal",
"show_toast":true,
"announce_to_chat":true,
"hidden":true
},

"parent":"runechant:magic/charm_shimmer",

"criteria":
{
"requirement":
{


"trigger":"minecraft:impossible"
}
}
}
