{
  "type": "minecraft:entity",
  "pools": [
    {
      "bonus_rolls": 0.03,
      "entries": [
        {
          "type": "minecraft:item",
          "functions": [
            {
              "add": false,
              "count": {
                "type": "minecraft:uniform",
                "max": 3.0,
                "min": 1.0
              },
              "function": "minecraft:set_count"
            },
            {
              "conditions": [
                {
                  "condition": "minecraft:entity_properties",
                  "entity": "this",
                  "predicate": {
                    "flags": {
                      "is_on_fire": true
                    }
                  }
                }
              ],
              "function": "minecraft:furnace_smelt"
            },
            {
              "count": {
                "type": "minecraft:uniform",
                "max": 1.0,
                "min": 0.0
              },
              "function": "minecraft:looting_enchant"
            }
          ],
          "name": "minecraft:porkchop"
        }
      ],
      "rolls": 1.0
    },
{
      "bonus_rolls": 0.03,
      "conditions": [
        {
          "condition": "minecraft:killed_by_player"
        },
        {
          "chance":0.025,
          "condition": "minecraft:random_chance_with_looting",
          "looting_multiplier": 0.01
        }
      ],
      "entries": [
        {
          "type": "minecraft:item",
          "functions": [
            {
              "function": "minecraft:set_nbt",
              "tag": "{CustomModelData:19973,display:{Name:'[{\"text\":\"Pig Hide\",\"color\":\"white\",\"italic\":false,\"bold\":false}]'}}"
            },
            {
              "add": false,
              "count": {
                "type": "minecraft:uniform",
                "max": 1.0,
                "min": 1.0
              },
              "function": "minecraft:set_count"
             }
            ],
          "name": "minecraft:rabbit_hide"
        }
      ],
      "rolls": 1.0
    }
  ],
  "random_sequence": "minecraft:entities/pig"
}