{
  "type": "minecraft:entity",
  "pools": [
    {
      "bonus_rolls": 0.03,
      "entries": [
        {
          "type": "minecraft:item",
          "functions": [
            {
              "add": false,
              "count": {
                "type": "minecraft:uniform",
                "max": 1.0,
                "min": 0.0
              },
              "function": "minecraft:set_count"
            },
            {
              "count": {
                "type": "minecraft:uniform",
                "max": 1.0,
                "min": 0.0
              },
              "function": "minecraft:looting_enchant"
            }
          ],
          "name": "minecraft:rabbit_hide"
        }
      ],
      "rolls": 1.0
    },
    {
      "bonus_rolls": 0.03,
      "entries": [
        {
          "type": "minecraft:item",
          "functions": [
            {
              "add": false,
              "count": 1.0,
              "function": "minecraft:set_count"
            },
            {
              "conditions": [
                {
                  "condition": "minecraft:entity_properties",
                  "entity": "this",
                  "predicate": {
                    "flags": {
                      "is_on_fire": true
                    }
                  }
                }
              ],
              "function": "minecraft:furnace_smelt"
            },
            {
              "count": {
                "type": "minecraft:uniform",
                "max": 1.0,
                "min": 0.0
              },
              "function": "minecraft:looting_enchant"
            }
          ],
          "name": "minecraft:rabbit"
        }
      ],
      "rolls": 1.0
    },
    {
      "bonus_rolls": 0.03,
      "conditions": [
        {
          "condition": "minecraft:killed_by_player"
        },
        {
          "chance": 0.1,
          "condition": "minecraft:random_chance_with_looting",
          "looting_multiplier": 0.03
        }
      ],
      "entries": [
        {
          "type": "minecraft:item",
          "name": "minecraft:rabbit_foot"
        }
      ],
      "rolls": 1.0
    },
{
      "bonus_rolls": 0.03,
      "conditions": [
        {
          "condition": "minecraft:killed_by_player"
        },
        {
          "chance":0.025,
          "condition": "minecraft:random_chance_with_looting",
          "looting_multiplier": 0.01
        }
      ],
      "entries": [
        {
          "type": "minecraft:item",
          "functions": [
            {
              "function": "minecraft:set_nbt",
              "tag": "{CustomModelData:19975,display:{Name:'[{\"text\":\"Rabbit Tuft\",\"color\":\"white\",\"italic\":false,\"bold\":false}]'}}"
            },
            {
              "add": false,
              "count": {
                "type": "minecraft:uniform",
                "max": 1.0,
                "min": 1.0
              },
              "function": "minecraft:set_count"
             }
            ],
          "name": "minecraft:rabbit_hide"
        }
      ],
      "rolls": 1.0
    },
{
      "bonus_rolls": 0.03,
      "conditions": [
        {
          "condition": "minecraft:killed_by_player"
        },
        {
          "chance":0.025,
          "condition": "minecraft:random_chance_with_looting",
          "looting_multiplier": 0.01
        },
                {
                  "condition": "minecraft:entity_properties",
                  "entity": "this",
                  "predicate": {
            "type": "minecraft:rabbit",
            "type_specific": {
              "type": "rabbit",
              "variant": "evil"
            }
           }
          }
      ],
      "entries": [
        {
          "type": "minecraft:item",
          "functions": [
            {
              "function": "minecraft:set_nbt",
              "tag": "{CustomModelData:19971,display:{Name:'[{\"text\":\"White Rabbit Paw\",\"color\":\"white\",\"italic\":false,\"bold\":false}]'}}"
            },
            {
              "add": false,
              "count": {
                "type": "minecraft:uniform",
                "max": 1.0,
                "min": 1.0
              },
              "function": "minecraft:set_count"
             }
            ],
          "name": "minecraft:rabbit_foot"
        }
      ],
      "rolls": 1.0
    }
  ],
  "random_sequence": "minecraft:entities/rabbit"
}