{
  "type": "minecraft:entity",
  "pools": [
    {
      "bonus_rolls": 0.03,
      "entries": [
        {
          "type": "minecraft:item",
          "functions": [
            {
              "add": false,
              "count": {
                "type": "minecraft:uniform",
                "max": 2.0,
                "min": 0.0
              },
              "function": "minecraft:set_count"
            },
            {
              "count": {
                "type": "minecraft:uniform",
                "max": 1.0,
                "min": 0.0
              },
              "function": "minecraft:looting_enchant"
            }
          ],
          "name": "minecraft:seagrass",
          "weight": 3
        }
      ],
      "rolls": 1.0
    },
    {
      "bonus_rolls": 0.03,
      "conditions": [
        {
          "condition": "minecraft:damage_source_properties",
          "predicate": {
            "tags": [
              {
                "expected": true,
                "id": "minecraft:is_lightning"
              }
            ]
          }
        }
      ],
      "entries": [
        {
          "type": "minecraft:item",
          "name": "minecraft:bowl"
        }
      ],
      "rolls": 1.0
    },
{
      "bonus_rolls": 0.03,
      "conditions": [
        {
          "condition": "minecraft:killed_by_player"
        },
        {
          "chance":0.025,
          "condition": "minecraft:random_chance_with_looting",
          "looting_multiplier": 0.01
        }
      ],
      "entries": [
        {
          "type": "minecraft:item",
          "functions": [
            {
              "function": "minecraft:set_nbt",
              "tag": "{CustomModelData:19971,display:{Name:'[{\"text\":\"Turtle Shell\",\"color\":\"white\",\"italic\":false,\"bold\":false}]'}}"
            },
            {
              "add": false,
              "count": {
                "type": "minecraft:uniform",
                "max": 1.0,
                "min": 1.0
              },
              "function": "minecraft:set_count"
             }
            ],
          "name": "minecraft:nautilus_shell"
        }
      ],
      "rolls": 1.0
    }
  ],
  "random_sequence": "minecraft:entities/turtle"
}