{
"display":
{
"icon":
{
"item":"minecraft:brewing_stand"
},

"title":"Improving Upon Potions",
"description":"Using any special Root & a World Fragment - Depth you can enhance any Potion to grant additional effects when used. Simple toss everything into a Boiling Cauldron to enhance a Potion (Required: 1x Any Root 1x World Fragment - Depth 1x Any Potion) [The Runechanter Basics Tab contains relavent infomation]",
"frame":"task",
"show_toast":true,
"announce_to_chat":true,
"hidden":true
},

"parent":"runechant:alchemy/cauldron",

"criteria":
{
"requirement":
{


"trigger":"minecraft:impossible"
}
}
}
