{
"display":
{
"icon":
{
"item":"minecraft:poisonous_potato",
"nbt":"{CustomModelData:19978}"
},

"title":"Potion Enhancement - Charming",
"description":"This root adds aditional effects to a potion, causing the user to periodically charm nearby entities [The Rare Oddities Tab contains relavent infomation]",
"frame":"goal",
"show_toast":true,
"announce_to_chat":true,
"hidden":true
},

"parent":"runechant:alchemy/cauldron_potion_better_potions_6",

"criteria":
{
"requirement":
{


"trigger":"minecraft:impossible"
}
}
}
