{
"display":
{
"icon":
{
"item":"minecraft:bone"
},

"title":"Home Brewed Potion Effects",
"description":"Toss a Bone & Rotten Flesh along with any Flower, into a Boiling Cauldron to create different potion effects. The concoction cannot be bottled and simply disperses in the air (Required: 1x Bone 1x Rotten Flesh 1x Any Flower)",
"frame":"task",
"show_toast":true,
"announce_to_chat":true,
"hidden":false
},

"parent":"runechant:alchemy/cauldron",

"criteria":
{
"requirement":
{


"trigger":"minecraft:impossible"
}
}
}

