{
"display":
{
"icon":
{
"item":"minecraft:poisonous_potato",
"nbt":"{CustomModelData:19973}"
},

"title":"Potion Enhancement - Caster",
"description":"This root adds aditional effects to a potion, increasing the users proficiency with Spell Tomes [The Runechanting & Rare Oddities Tab contains relavent infomation]",
"frame":"goal",
"show_toast":true,
"announce_to_chat":true,
"hidden":true
},

"parent":"runechant:alchemy/cauldron_potion_better_potions_1",

"criteria":
{
"requirement":
{


"trigger":"minecraft:impossible"
}
}
}
