{
"display":
{
"icon":
{
"item":"minecraft:potion",
"nbt":"{CustomModelData:19973}"
},

"title":"More Potent Wax Potions",
"description":"Add a World Frament - Harvest to a filled Copper Waxing Flask in a Enchanter's Crucible to increase it's potency (Required: 1x World Frament - Harvest 1x Any Wax Potion) [The Runechanter Basics Tab contains relavent infomation]",
"frame":"task",
"show_toast":true,
"announce_to_chat":true,
"hidden":false
},

"parent":"runechant:alchemy/wax_coating",

"criteria":
{
"requirement":
{


"trigger":"minecraft:impossible"
}
}
}