{
"display":
{
"icon":
{
"item":"minecraft:stick",
"nbt":"{CustomModelData:19972}"
},

"title":"Cultivating Plants With Magic",
"description":"Fertilize a Budding Vine in an Enchanter\'s Crucible by combining it with a World Fragment - Harvest and a World Fragment - Life (Required: 1x Budding Vine 1x World Fragment - Harvest 1x World Fragment - Life) [The Runechanter Basics Tab contains relavent infomation]",
"frame":"task",
"show_toast":true,
"announce_to_chat":true,
"hidden":true
},

"parent":"runechant:alchemy/root",

"criteria":
{
"requirement":
{


"trigger":"minecraft:impossible"
}
}
}
