{
"display":
{
"icon":
{
"item":"minecraft:name_tag",
"nbt":"{CustomModelData:19971}"
},

"title":"Little Shop Of Magic",
"description":"The grown Spore Blossom has a newfound hunger, producing greater spores if the attached Composter has been filled. Uniquely it's roots are also able to siphon the magic of Spell Charms in any Glow Item Frame placed on the sides of the Composter [The Runechanting Tab contains relavent infomation]",
"frame":"goal",
"show_toast":true,
"announce_to_chat":true,
"hidden":true
},

"parent":"runechant:alchemy/magical_flower_2",

"criteria":
{
"requirement":
{


"trigger":"minecraft:impossible"
}
}
}
