{
"display":
{
"icon":
{
"item":"minecraft:lingering_potion"
},

"title":"Dispersal of Potion Effects",
"description":"By throwing any regular Potion into a Boiling Cauldron along with a World Fragment - Harvest you can disperse it into the air causing is to affect all mobs in a large area around the cauldron (Required: 1x Any None Splash/Lingering Potion 1x World Fragment - Harvest) [The Runechanter Basics Tab contains relavent infomation]",
"frame":"task",
"show_toast":true,
"announce_to_chat":true,
"hidden":false
},

"parent":"runechant:alchemy/cauldron",

"criteria":
{
"requirement":
{


"trigger":"minecraft:impossible"
}
}
}
