{
"display":
{
"icon":
{
"item":"minecraft:phantom_membrane",
"nbt":"{CustomModelData:19971}"
},

"title":"What the Eyes Can't See",
"description":"Use the Grinding Station to turn Phantom Membrane into paste. Then drop it onto an Item Frame to turn it invisible (Required: 1x Membrane Paste 1x Placed Item Frame)",
"frame":"task",
"show_toast":true,
"announce_to_chat":true,
"hidden":false
},

"parent":"runechant:alchemy/rune_blank",

"criteria":
{
"requirement":
{


"trigger":"minecraft:impossible"
}
}
}
