{
"display":
{
"icon":
{
"item":"minecraft:ink_sac"
},

"title":"Crafting Blank Runes",
"description":"Grind some normal Squid Ink onto a Rune unsing the Grinding Station to hide its name (Required: 1x Ink Sac 1x Any Rune) [The Runechanting Tab contains relavent infomation]",
"frame":"task",
"show_toast":true,
"announce_to_chat":true,
"hidden":false
},

"parent":"runechant:alchemy/rune_infused_paper",

"criteria":
{
"requirement":
{


"trigger":"minecraft:impossible"
}
}
}