{
"display":
{
"icon":
{
"item":"minecraft:lightning_rod"
},

"title":"Setting Up A Wax Refinery",
"description":"Heat, sturdy surface, conductor and a lid should do the trick. Starting from the base create a tower using a Campfire, Lodestone, Lightning Rod then a any Polished Stone Slab (Required: 1x Campfire 1x Lodestone 1x Lightning Rod 1x Any Polished Stone Slab)",
"frame":"challenge",
"show_toast":true,
"announce_to_chat":true,
"hidden":false
},

"parent":"runechant:alchemy/root",

"criteria":
{
"requirement":
{


"trigger":"minecraft:impossible"
}
}
}
