{
"display":
{
"icon":
{
"item":"minecraft:potion",
"nbt":"{CustomModelData:19972}"
},

"title":"Bottled Wax, Perfect for Coating Weapons",
"description":"Melt a Wax Ball into a Copper Flask using a Wax Refinery (Required: 1x Wax Ball 1x Copper Flask) [The Runechanter Basics Tab contains relavent infomation]",
"frame":"task",
"show_toast":true,
"announce_to_chat":true,
"hidden":false
},

"parent":"runechant:alchemy/wax_brewer",

"criteria":
{
"requirement":
{


"trigger":"minecraft:impossible"
}
}
}
