{
	"pools": [
	  {
		"rolls": 1,
		"entries": [
		  {
			"type": "minecraft:item",
			"name": "minecraft:written_book",
			"functions": [
			  {
				"function": "minecraft:set_nbt",
				"tag": "{TeplusGuide:1b,resolved:1b,HideFlags:32,CustomModelData:7340000,title:\"TE+ Guide Book\",author:\"Frektip\"}"
			  },
			  {
				"function": "minecraft:set_lore",
				"lore": [
				  {
					"text": "Technical Enchant+",
					"color": "#63C0E3",
					"italic": true
				  }
				]
			  },
			  {
				"function": "minecraft:set_name",
				"name": [
				  {
					"text": "ench",
					"color": "dark_aqua",
					"obfuscated": true
				  },
				  {
					"translate": " TE+ Guide Book ",
					"color": "aqua",
					"underlined": true,
					"obfuscated": false
				  },
				  {
					"text": "ants",
					"color": "dark_aqua",
					"underlined": false,
					"obfuscated": true
				  }
				]
			  },
			  {
				"function": "minecraft:set_nbt",
				"tag": "{pages:['[\"\",{\"text\":\"#--------------#\",\"bold\":true,\"color\":\"gold\"},{\"text\":\"\n\",\"color\":\"black\"},{\"text\":\"#-- \",\"bold\":true,\"color\":\"gold\"},{\"text\":\"TECHNICAL \",\"bold\":true,\"color\":\"dark_red\"},{\"text\":\"--#\",\"bold\":true,\"color\":\"gold\"},{\"text\":\"\n\",\"color\":\"black\",\"bold\":true},{\"text\":\"#--\",\"bold\":true,\"color\":\"gold\"},{\"text\":\" ENCHANT +\",\"bold\":true,\"color\":\"dark_red\"},{\"text\":\" --#\n#--------------#\n\n==\",\"bold\":true,\"color\":\"gold\"},{\"translate\":\" Version: [7.4.2]\",\"color\":\"dark_blue\"},{\"text\":\" ==\",\"bold\":true,\"color\":\"gold\"},{\"text\":\"\n\n\",\"color\":\"black\"},{\"text\":\">> \",\"color\":\"dark_green\",\"bold\":true},{\"translate\":\"Admin Tools\",\"color\":\"#E4B54F\",\"clickEvent\":{\"action\":\"run_command\",\"value\":\"/trigger TellrawEnch set 7\"},\"hoverEvent\":{\"action\":\"show_text\",\"contents\":\"Click to get more info\"}},{\"text\":\"\n\",\"color\":\"black\"},{\"text\":\">> \",\"color\":\"dark_green\",\"bold\":true},{\"translate\":\"New Items\",\"color\":\"#9BB64E\",\"clickEvent\":{\"action\":\"run_command\",\"value\":\"/trigger TellrawEnch set 1\"},\"hoverEvent\":{\"action\":\"show_text\",\"contents\":\"Click to get more info\"}},{\"text\":\"\n\",\"color\":\"black\"},{\"text\":\">> \",\"color\":\"dark_green\",\"bold\":true},{\"translate\":\"Main Mechanics\",\"color\":\"#3BA975\",\"clickEvent\":{\"action\":\"run_command\",\"value\":\"/trigger TellrawEnch set 2\"},\"hoverEvent\":{\"action\":\"show_text\",\"contents\":\"Click to get more info\"}},{\"text\":\"\n\",\"color\":\"black\"},{\"text\":\">> \",\"color\":\"dark_green\",\"bold\":true},{\"translate\":\"Enchanting Rates\",\"color\":\"#408FB4\",\"clickEvent\":{\"action\":\"open_url\",\"value\":\"https://github.com/Frektip/Technical-Enchant-Renewed/wiki/Enchanting-System\"},\"hoverEvent\":{\"action\":\"show_text\",\"contents\":\"Click to get more info\"}},{\"text\":\"\n\",\"color\":\"black\"},{\"text\":\">> \",\"color\":\"dark_green\",\"bold\":true},{\"translate\":\"Enchantments List\",\"color\":\"#8050D5\",\"clickEvent\":{\"action\":\"run_command\",\"value\":\"/trigger TellrawEnch set 4\"},\"hoverEvent\":{\"action\":\"show_text\",\"contents\":\"Click to get more info\"}},{\"text\":\"\n\",\"color\":\"black\"},{\"text\":\"\n\",\"color\":\"black\"},{\"translate\":\"(Birthday Potion)\",\"color\":\"#B4782A\",\"clickEvent\":{\"action\":\"run_command\",\"value\":\"/loot give @s loot enchantplus:birthday_potion\"},\"hoverEvent\":{\"action\":\"show_text\",\"contents\":\"Click Here to Get\"}}]','[\"\",{\"text\":\"#--------------#\",\"bold\":true,\"color\":\"gold\"},{\"text\":\"\n\",\"color\":\"black\"},{\"text\":\"#-----\",\"bold\":true,\"color\":\"gold\"},{\"text\":\" TE + \",\"bold\":true,\"color\":\"dark_red\"},{\"text\":\"----#\",\"bold\":true,\"color\":\"gold\"},{\"text\":\"\n\",\"color\":\"black\",\"bold\":true},{\"text\":\"#--\",\"bold\":true,\"color\":\"gold\"},{\"text\":\" EXTENTIONS \",\"bold\":true,\"color\":\"dark_red\"},{\"text\":\"-#\n#--------------#\n\n=\",\"bold\":true,\"color\":\"gold\"},{\"translate\":\" [More Features]\",\"color\":\"dark_blue\"},{\"text\":\" =\",\"bold\":true,\"color\":\"gold\"},{\"text\":\"\n\n\",\"color\":\"black\"},{\"text\":\">> \",\"color\":\"dark_green\",\"bold\":true},{\"translate\":\"Mobs use\",\"color\":\"#A37BC3\",\"clickEvent\":{\"action\":\"run_command\",\"value\":\"/trigger TellrawEnch set 84\"},\"hoverEvent\":{\"action\":\"show_text\",\"contents\":\"Click to get more info\"}},{\"text\":\"\n\",\"color\":\"black\"},{\"text\":\">> \",\"color\":\"dark_green\",\"bold\":true},{\"translate\":\"Mob spawning\",\"color\":\"#50D5D1\",\"clickEvent\":{\"action\":\"run_command\",\"value\":\"/trigger TellrawEnch set 85\"},\"hoverEvent\":{\"action\":\"show_text\",\"contents\":\"Click to get more info\"}},{\"text\":\"\n\",\"color\":\"black\"},{\"text\":\">> \",\"color\":\"dark_green\",\"bold\":true},{\"translate\":\"Mob drops\",\"color\":\"#50D576\",\"clickEvent\":{\"action\":\"run_command\",\"value\":\"/trigger TellrawEnch set 86\"},\"hoverEvent\":{\"action\":\"show_text\",\"contents\":\"Click to get more info\"}},{\"text\":\"\n\",\"color\":\"black\"},{\"text\":\">> \",\"color\":\"dark_green\",\"bold\":true},{\"translate\":\"Chest loot\",\"color\":\"#D5CB50\",\"clickEvent\":{\"action\":\"run_command\",\"value\":\"/trigger TellrawEnch set 6\"},\"hoverEvent\":{\"action\":\"show_text\",\"contents\":\"Click to get more info\"}},{\"text\":\"\n\",\"color\":\"black\"},{\"text\":\">> \",\"color\":\"dark_green\",\"bold\":true},{\"translate\":\"More ench lvl\",\"color\":\"#E38B46\",\"clickEvent\":{\"action\":\"run_command\",\"value\":\"/trigger TellrawEnch set 5\"},\"hoverEvent\":{\"action\":\"show_text\",\"contents\":\"Click to get more info\"}},{\"text\":\"\n\",\"color\":\"black\"},{\"text\":\">> \",\"color\":\"dark_green\",\"bold\":true},{\"translate\":\"Villagers\",\"color\":\"#F1543B\",\"clickEvent\":{\"action\":\"run_command\",\"value\":\"/trigger TellrawEnch set 89\"},\"hoverEvent\":{\"action\":\"show_text\",\"contents\":\"Click to get more info\"}}]','[\"\",{\"text\":\"#--------------#\",\"bold\":true,\"color\":\"gold\"},{\"text\":\"\n\",\"color\":\"black\"},{\"text\":\"#-----\",\"bold\":true,\"color\":\"gold\"},{\"text\":\" TE + \",\"bold\":true,\"color\":\"dark_red\"},{\"text\":\"----#\",\"bold\":true,\"color\":\"gold\"},{\"text\":\"\n\",\"color\":\"black\",\"bold\":true},{\"text\":\"#---\",\"bold\":true,\"color\":\"gold\"},{\"text\":\"  ADDONS \",\"bold\":true,\"color\":\"dark_red\"},{\"text\":\"---#\n#--------------#\",\"bold\":true,\"color\":\"gold\"},{\"text\":\"\n\n\",\"color\":\"black\"},{\"text\":\">> \",\"color\":\"dark_green\",\"bold\":true},{\"translate\":\"You can install addons in your world to have more TE+ custom enchantments!\",\"color\":\"black\"},{\"text\":\"\n\n\",\"color\":\"black\"},{\"translate\":\"[Template Download]\",\"color\":\"#DE7C2A\",\"clickEvent\":{\"action\":\"open_url\",\"value\":\"https://github.com/Frektip/Technical-Enchant-Addons\"},\"hoverEvent\":{\"action\":\"show_text\",\"contents\":\"Click to download\"}},{\"text\":\"\n\n\",\"color\":\"black\"},{\"translate\":\"[Collection Download]\",\"color\":\"#579FDB\",\"clickEvent\":{\"action\":\"open_url\",\"value\":\"https://github.com/Frektip/Technical-Enchant-Addons/wiki/Addons-List\"},\"hoverEvent\":{\"action\":\"show_text\",\"contents\":\"Click to go\"}}]','[\"\",{\"text\":\"#--------------#\",\"bold\":true,\"color\":\"gold\"},{\"text\":\"\n\",\"color\":\"black\"},{\"text\":\"#-----\",\"bold\":true,\"color\":\"gold\"},{\"text\":\" TE + \",\"bold\":true,\"color\":\"dark_red\"},{\"text\":\"----#\",\"bold\":true,\"color\":\"gold\"},{\"text\":\"\n\",\"color\":\"black\",\"bold\":true},{\"text\":\"#-\",\"bold\":true,\"color\":\"gold\"},{\"text\":\" COMPLEMENTS  \",\"bold\":true,\"color\":\"dark_red\"},{\"text\":\"#\n#--------------#\",\"bold\":true,\"color\":\"gold\"},{\"text\":\"\n\n\",\"color\":\"black\"},{\"text\":\">> \",\"color\":\"dark_green\",\"bold\":true},{\"translate\":\"You can install complements to make TE+ enchantments be compatible with certain mod items!\",\"color\":\"black\"},{\"text\":\"\n\n\",\"color\":\"black\"},{\"translate\":\"[Creator Download]\",\"color\":\"#50D594\",\"clickEvent\":{\"action\":\"open_url\",\"value\":\"https://github.com/KendallP4299/Complement-Creator-for-Technical-Enchant-Renewed-\"},\"hoverEvent\":{\"action\":\"show_text\",\"contents\":\"Click to download\"}}]','[\"\",{\"text\":\"#--------------#\",\"bold\":true,\"color\":\"gold\"},{\"text\":\"\n\",\"color\":\"black\"},{\"text\":\"#-- \",\"bold\":true,\"color\":\"gold\"},{\"text\":\"TECHNICAL \",\"bold\":true,\"color\":\"dark_red\"},{\"text\":\"--#\",\"bold\":true,\"color\":\"gold\"},{\"text\":\"\n\",\"color\":\"black\",\"bold\":true},{\"text\":\"#--\",\"bold\":true,\"color\":\"gold\"},{\"text\":\" ENCHANT +\",\"bold\":true,\"color\":\"dark_red\"},{\"text\":\" --#\n#--------------#\n\n\",\"bold\":true,\"color\":\"gold\"},{\"text\":\"    \",\"color\":\"gray\"},{\"text\":\">> \",\"color\":\"dark_green\",\"bold\":true},{\"translate\":\"[Credits]\",\"color\":\"#A0781A\",\"clickEvent\":{\"action\":\"run_command\",\"value\":\"/trigger TellrawEnch set 8\"},\"hoverEvent\":{\"action\":\"show_text\",\"contents\":\"Click to show\"}},{\"text\":\" <<\",\"color\":\"dark_green\",\"bold\":true},{\"text\":\"\n\n\",\"color\":\"black\"},{\"text\":\"    \",\"color\":\"gray\"},{\"text\":\">> \",\"color\":\"dark_green\",\"bold\":true},{\"translate\":\"[Discord]\",\"color\":\"#7289da\",\"clickEvent\":{\"action\":\"open_url\",\"value\":\"https://discord.gg/MksvFbGPvR\"},\"hoverEvent\":{\"action\":\"show_text\",\"contents\":\"Click to go\"}},{\"text\":\" <<\",\"color\":\"dark_green\",\"bold\":true},{\"text\":\"\n\n\",\"color\":\"black\"},{\"text\":\"       \",\"color\":\"gray\"},{\"text\":\">> \",\"color\":\"dark_green\",\"bold\":true},{\"translate\":\"[Wiki]\",\"color\":\"#454446\",\"clickEvent\":{\"action\":\"open_url\",\"value\":\"https://github.com/Frektip/Technical-Enchant-Renewed/wiki\"},\"hoverEvent\":{\"action\":\"show_text\",\"contents\":\"Click to go\"}},{\"text\":\" <<\",\"color\":\"dark_green\",\"bold\":true},{\"text\":\"\n\n\",\"color\":\"black\"},{\"text\":\"#--------------#\",\"bold\":true,\"color\":\"gold\"}]']}"
			  }
			]
		  }
		]
	  }
	]
  }
  