{
	"pools": [
	  {
		"rolls": 1,
		"entries": [
		  {
			"type": "minecraft:item",
			"name": "minecraft:player_head",
			"functions": [
			  {
				"function": "minecraft:set_name",
				"name": {
				  "text": "Experience Crystal",
				  "color": "#5FC187",
				  "italic": false
				}
			  },
			  {
				"function": "minecraft:set_nbt",
				"tag": "{Teplus_xp_crystal:1b,SkullOwner:{Name:\"%teplus.block.xp_crystal\",Id:[I;811942937,2026326024,-1788336601,510310751],Properties:{textures:[{Value:\"eyJ0ZXh0dXJlcyI6eyJTS0lOIjp7InVybCI6Imh0dHA6Ly90ZXh0dXJlcy5taW5lY3JhZnQubmV0L3RleHR1cmUvZmU2Y2EzY2U1ZDg5YWNiMDZhNjQzZjQ5ZjUyNzQ4NTVlZGVlNmVlYjFhNTQ1MTViMzA0MGExYjNmOGNiYjdhMSJ9fX0=\"}]}}}"
			  },
			  
			  {
				"function": "minecraft:set_lore",
				"entity": "this",
				"lore": [
					{
						"translate": "Hold one in you offhand or",
						"color": "white",
						"italic": false
						},
						{
						"translate": "mainhand while sneaking to",
						"color": "white",
						"italic": false
						},
						{
						"translate": "obtain the experience orbs",
						"color": "white",
						"italic": false
						},
				  {
					"text": "---------------------",
					"color":"#DEE8B8"
				  },
				  [
					{
					  "translate": " ⭐ ",
					  "color": "#548256",
					  "italic": false
					},
					{
						"translate": "Tier: ",
						"color": "#D5EC86",
						"italic": false
					},
					{
						"score": {
						  "name": "#teplus.xptier",
						  "objective": "teplus.data"
						},
						"color": "#ECB969",
						"italic": false
					}
				  ],
				  [
					{
					  "translate": " ✪ ",
					  "color": "#548256",
					  "italic": false
					},
					{
						"translate": "Value: ",
						"color": "#D5EC86",
						"italic": false
					},
					{
						"score": {
						  "name": "#teplus.xpvalue",
						  "objective": "teplus.data"
						},
						"color": "#72C45B",
						"italic": false
					},
					{
						"text": "/",
						"color": "#D1CEA1",
						"italic": false
					},
					{
						"score": {
						  "name": "#teplus.xpmax",
						  "objective": "teplus.data"
						},
						"color": "#357D3A",
						"italic": false
					}
				  ],
				  {
					"text": "---------------------",
					"color":"#DEE8B8"
				  },
				  {
					"text": "Technical Enchant+",
					"color": "#63C0E3",
					"italic": true
				  }
				]
			  },
			  {
				"function": "minecraft:copy_nbt",
				 "source": {
					"type": "minecraft:storage",
					"source": "teplus:xp_crystal"
				  },
				  "ops": [
				  {
					"source": "Set",
					"target": "Content",
					"op": "replace"
				  }
			   ]
			  }
			]
		  }
		]
	  }
	]
  }
  