{
  "display": {
    "icon": {
      "item": "minecraft:player_head",
      "nbt": "{SkullOwner:{Id:[I;811942937,2026326024,-1788336601,510310751],Properties:{textures:[{Value:\"eyJ0ZXh0dXJlcyI6eyJTS0lOIjp7InVybCI6Imh0dHA6Ly90ZXh0dXJlcy5taW5lY3JhZnQubmV0L3RleHR1cmUvZmU2Y2EzY2U1ZDg5YWNiMDZhNjQzZjQ5ZjUyNzQ4NTVlZGVlNmVlYjFhNTQ1MTViMzA0MGExYjNmOGNiYjdhMSJ9fX0=\"}]}}}"
    },
    "title": {
      "translate":"Experience Manager"
    },
    "description": {
      "translate": "Obtain a experience crystal",
      "color": "green"
    },
    "frame": "task",
    "show_toast": true,
    "announce_to_chat": false,
    "hidden": false
  },
  "parent": "enchantplus:progress/start/enchanting_setup/tier_5",
  "criteria": {
    "requirement": {
      "trigger": "minecraft:inventory_changed",
      "conditions": {
        "items": [
          {
            "items": [
              "minecraft:player_head"
            ],
            "nbt": "{Teplus_xp_crystal:1b}"
          }
        ]
      }
    }
  }
}
