{
"display":
{
"icon":
{
"item":"minecraft:gold_ingot",
"nbt":"{CustomModelData:19973}"
},

"title":"True Piglin Gold",
"description":"",
"frame":"goal",
"show_toast":true,
"announce_to_chat":true,
"hidden":true
},

"parent":"runechant:collection_log/",

"criteria":
{
"requirement":
{


"trigger":"minecraft:inventory_changed",
"conditions":{
        "items": [
          {
            "items": [
              "minecraft:gold_ingot"
            ],
            "count": {
              "min": 1
            },
            "nbt": "{CustomModelData:19973}"
          }]}
}
}
}