{
  "display": {
    "icon": {
      "item": "minecraft:written_book"
    },
    "title": {
      "translate":"A bunch of enchantments"
    },
    "description": {
      "translate": "Obtain your first custom enchantment to see the other ones",
      "color": "dark_aqua"
    },
    "frame": "task",
    "show_toast": true,
    "announce_to_chat": false,
    "hidden": false
  },
  "parent": "enchantplus:progress/root",
  "criteria": {
    "requirement": {
      "trigger": "minecraft:inventory_changed",
      "conditions": {
        "items": [
          {
            "items": [
              "minecraft:enchanted_book"
            ],
            "nbt": "{StoredCustomEnchantments:[{}]}"
          }
        ]
      }
    }
  },
  "rewards": {
    "function": "enchantplus:progress_start"
  }
}
