{
"display":
{
"icon":
{
"item":"minecraft:netherite_helmet",
"nbt":"{Trim:{material:\"minecraft:enchanted\",pattern:\"minecraft:archer\"}}"
},

"title":"Ancient Armor (Archer)",
"description":"Drop a stack of Faded Scrap, Pig Hide & Snow Golem Core onto a Reinforced Deepslate Block, along with an already Timmed piece of Armor to convert it to a new Ancient Trim (Required: 64x Faded Scrap 1x Pig Hide 1x Snow Golem Core 1x Any Trimmed Armor Piece)",
"frame":"task",
"show_toast":true,
"announce_to_chat":true,
"hidden":false
},

"parent":"runechant:collection_log/ancient_leather",

"criteria":
{
"requirement":
{


"trigger":"minecraft:impossible"
}
}
}