{
"display":
{
"icon":
{
"item":"minecraft:bundle",
"nbt":"{CustomModelData:19972}"
},

"title":"Ancient Satchel",
"description":"A powerful ancient artefact fully restored. Able to absorb power from Enchanted Clusters to a greater extent than an Echanted Satchel",
"frame":"goal",
"show_toast":true,
"announce_to_chat":true,
"hidden":false
},

"parent":"runechant:collection_log/ancient_satchel_craft",

"criteria":
{
"requirement":
{


"trigger":"minecraft:impossible"
}
}
}