{
"display":
{
"icon":
{
"item":"minecraft:enchanted_golden_apple",
"nbt":"{CustomModelData:19971}"
},

"title":"Reconstructing a Powerful Relic",
"description":"Of all the possibilities perhaps wraping an Ancient Eye in a stack of Ancient Leather in a Sculk Forge could yield something (Required: 1x Ancient Eye 64x Faded Scrap) [The Manipulating Sculk Tab contains relavent infomation]",
"frame":"task",
"show_toast":true,
"announce_to_chat":true,
"hidden":false
},

"parent":"runechant:collection_log/ancient_leather",

"criteria":
{
"requirement":
{


"trigger":"minecraft:impossible"
}
}
}