{
"display":
{
"icon":
{
"item":"minecraft:netherite_helmet",
"nbt":"{Trim:{material:\"minecraft:celestial\",pattern:\"minecraft:mage\"}}"
},

"title":"Ancient Armor (Mage)",
"description":"Drop a stack of Ancient Splinters, Pig Hide & Blaze Core onto a Reinforced Deepslate Block, along with an already Timmed piece of Armor to convert it to a new Ancient Trim (Required: 64x Ancient Splinters 1x Pig Hide 1x Blaze Core 1x Any Trimmed Armor Piece)",
"frame":"task",
"show_toast":true,
"announce_to_chat":true,
"hidden":false
},

"parent":"runechant:collection_log/ancient_wood",

"criteria":
{
"requirement":
{


"trigger":"minecraft:impossible"
}
}
}