{
"display":
{
"icon":
{
"item":"minecraft:decorated_pot",
"nbt":"{BlockEntityTag:{sherds:[\"minecraft:prize_pottery_sherd\",\"minecraft:prize_pottery_sherd\",\"minecraft:prize_pottery_sherd\",\"minecraft:prize_pottery_sherd\"]}}"
},

"title":"I Wonder Whats Inside?",
"description":"Perhaps if a construct heavy enough were to stand on it...",
"frame":"task",
"show_toast":true,
"announce_to_chat":true,
"hidden":false
},

"parent":"runechant:collection_log/root",

"criteria":
{
"requirement":
{


"trigger":"minecraft:impossible"
}
}
}