{
"display":
{
"icon":
{
"item":"minecraft:turtle_egg"
},

"title":"Reshaping The Life of an Egg",
"description":"By offering up a Turtle Egg and a mobs Rare Drop it seems you can reshape what will hatch from the egg. Use of the Dragon Altar requires the player to be at least Level 5 (Required: 1x Turtle Egg 1x Unique Mob Drop)",
"frame":"goal",
"show_toast":true,
"announce_to_chat":true,
"hidden":false
},

"parent":"runechant:collection_log/dragon_altar",

"criteria":
{
"requirement":
{


"trigger":"minecraft:impossible"
}
}
}
