{
"display":
{
"icon":
{
"item":"minecraft:dragon_egg"
},

"title":"Idol of Worship, Dragon Altar",
"description":"Perhaps you could make an altar, with the Dragon Egg in the middle simply place 4 End Stone Brick Stairs on each horizontal edge and 4 End Stone Brick Walls on each diagonal edge. Use of the Dragon Altar requires the player to be at least Level 5 (Required: 1x Dragon Egg 4x End Stone Brick Stairs 4x End Stone Brick Walls)",
"frame":"challenge",
"show_toast":true,
"announce_to_chat":true,
"hidden":true
},

"parent":"runechant:collection_log/root",

"criteria":
{
"requirement":
{


"trigger":"minecraft:impossible"
}
}
}
